Timestamp,hashtag,uses
2010-05-15,#Elation,1
2010-05-15,#Memories,1
2010-08-15,#Contentment,1
2010-08-15,#SundayMood,1
2010-11-12,#Contentment,1
2010-11-12,#Love,1
2011-06-20,#Contentment,1
2011-06-20,#Nature,1
2011-07-22,#Serenity,1
2011-07-22,#SunsetViews,1
2011-08-28,#Fulfillment,1
2011-08-28,#HelpingOthers,1
2011-09-22,#BookTime,1
2011-09-22,#Serenity,1
2012-02-18,#Elation,1
2012-02-18,#HiddenGem,1
2012-03-10,#Gratitude,1
2012-03-10,#Supportive,1
2012-03-30,#Gratitude,1
2012-03-30,#SmallJoys,1
2012-11-25,#Blessed,1
2012-11-25,#Gratitude,1
2013-04-05,#Hope,1
2013-04-05,#Optimism,1
2013-04-20,#CommunitySupport,1
2013-04-20,#Gratitude,1
2013-10-05,#Hope,1
2013-10-05,#PersonalDevelopment,1
2013-12-05,#Hope,1
2013-12-05,#NewBeginnings,1
2014-06-03,#Empowerment,1
2014-06-03,#Mentorship,1
2014-07-10,#Empowerment,1
2014-07-10,#SkillBuilding,1
2014-07-20,#Empowerment,1
2014-07-20,#PersonalGrowth,1
2014-09-14,#Community,1
2014-09-14,#Empowerment,1
2015-06-28,#Grief,1
2015-06-28,#Miscalculation,1
2015-06-28,#SwimmingDisappointment,1
2015-06-28,#TornApart,1
2015-07-12,#CrimeSeriesThrills,1
2015-07-12,#Suspense,1
2015-07-18,#CharityEvent,1
2015-07-18,#Compassion,1
2015-08-22,#ColorfulStreetMarket,1
2015-08-22,#Marvel,1
2015-09-01,#ArtisticBurst,1
2015-09-01,#ArtistsHaven,1
2015-09-01,#Creativity,1
2015-09-01,#StudioCreativity,1
2015-09-12,#Contentment,1
2015-09-12,#HomeCooking,1
2015-09-28,#CyclingChampion,1
2015-09-28,#Determination,1
2015-10-18,#Grief,1
2015-10-18,#Tears,1
2015-11-08,#AncientMysteries,2
2015-11-08,#Curiosity,2
2015-11-10,#ArtisticExpression,1
2015-11-10,#FashionInnovation,1
2015-11-10,#HighSchoolCreativity,1
2015-11-10,#RunwayCreativity,1
2015-12-01,#DIYProject,1
2015-12-01,#Satisfaction,1
2015-12-15,#Bitterness,1
2015-12-15,#WoundedHeart,1
2015-12-18,#Compassion,1
2015-12-18,#EnvisioningHistory,1
2015-12-18,#MuseumTales,1
2015-12-18,#VolunteerWork,1
2015-12-22,#Compassion,1
2015-12-22,#HolidaySupport,1
2016-02-10,#CozyEvening,1
2016-02-10,#PetLove,1
2016-02-10,#Tenderness,2
2016-02-23,#FamilyTime,1
2016-02-23,#Tenderness,1
2016-02-28,#Gratitude,1
2016-02-28,#OscarWinningMoment,1
2016-03-08,#FairyTaleMagic,1
2016-03-08,#MagicalWorld,1
2016-03-08,#Whimsy,2
2016-04-02,#Despair,1
2016-04-02,#Hopeless,1
2016-04-10,#Awe,1
2016-04-10,#GolfVictory,1
2016-04-15,#CareerMilestone,1
2016-04-15,#Pride,1
2016-05-15,#Connection,1
2016-05-15,#Despair,1
2016-05-15,#EndlessDarkness,1
2016-05-15,#U2Anthem,1
2016-06-15,#ShadowConversation,1
2016-06-15,#Solitude,1
2016-06-28,#CrashingWaves,1
2016-06-28,#Loneliness,1
2016-07-01,#Corruption,1
2016-07-01,#Disgust,1
2016-07-02,#Contemplation,1
2016-07-02,#StarryNight,1
2016-07-10,#Darkness,1
2016-07-10,#SoulEngulfed,1
2016-07-30,#PeacefulMelody,1
2016-07-30,#Serenity,1
2016-08-20,#GolfDefeat,1
2016-08-20,#Pressure,1
2016-08-22,#AncientDiscovery,1
2016-08-22,#Curiosity,1
2016-08-22,#Harmony,1
2016-08-22,#OrchestraMelody,1
2016-09-10,#Serenity,1
2016-09-10,#SunsetHues,1
2016-09-14,#AthleticAchievement,1
2016-09-14,#HighSchoolSports,1
2016-09-18,#Positivity,1
2016-09-18,#SoulUpliftment,1
2016-09-22,#CelestialWonder,1
2016-09-22,#Stargazing,1
2016-09-28,#Boredom,1
2016-09-28,#LackOfInterest,1
2016-10-18,#DeepDescent,1
2016-10-18,#Despair,1
2016-11-14,#Appreciation,1
2016-11-14,#CulturalExperience,1
2016-11-15,#ForestWhispers,2
2016-11-15,#Inspiration,2
2016-11-22,#Exploration,1
2016-11-22,#KhmerStories,1
2016-11-22,#LostLove,1
2016-11-22,#PainfulEchoes,1
2016-11-28,#Boredom,1
2016-11-28,#ColdplayMagic,1
2016-11-28,#Hope,1
2016-11-28,#Monotony,1
2016-12-05,#FamilyPhotoAlbum,1
2016-12-05,#Nostalgia,1
2016-12-10,#Gratitude,1
2016-12-10,#ShowerOfThankfulness,1
2016-12-12,#Betrayal,1
2016-12-12,#ReverberatingPromises,1
2016-12-22,#Grief,1
2016-12-22,#LostLoveLonging,1
2016-12-25,#LoveNote,1
2016-12-25,#Tenderness,1
2017-01-12,#Resentment,1
2017-01-12,#Unforgiving,1
2017-01-28,#ChildhoodFavorites,1
2017-01-28,#Nostalgia,1
2017-01-30,#Frustration,1
2017-01-30,#Obstacles,1
2017-03-12,#Melancholy,1
2017-03-12,#QuietSerenade,1
2017-03-20,#Envy,1
2017-03-20,#Success,1
2017-03-28,#BrunoMars,1
2017-03-28,#Despair,1
2017-03-28,#EndlessReverberation,1
2017-03-28,#Joy,1
2017-04-10,#EmotionalOutburst,1
2017-04-10,#Frustration,1
2017-04-10,#MysteryNovel,1
2017-04-10,#ThrillingJourney,1
2017-04-15,#Gratitude,1
2017-04-15,#MorningCoffee,1
2017-04-28,#PastCurrents,1
2017-04-28,#Regret,1
2017-04-30,#AdventureTime,1
2017-04-30,#Arousal,1
2017-05-15,#CyclingFrustration,1
2017-05-15,#Obstacle,1
2017-05-18,#Nostalgia,1
2017-05-18,#PhotoAlbumStories,1
2017-06-10,#Contentment,1
2017-06-10,#FreshBreadAroma,1
2017-06-12,#DoubleRainbow,1
2017-06-12,#Wonderment,1
2017-06-18,#Nostalgia,1
2017-06-18,#YearbookMemories,1
2017-07-18,#EmotionalStorm,1
2017-07-18,#SadnessWhirlwind,1
2017-07-20,#Loneliness,1
2017-07-20,#MiragesOfConnection,1
2017-08-10,#Heartbreak,1
2017-08-10,#RippleOfDespair,1
2017-08-18,#Awe,1
2017-08-18,#EngineeringMarvels,1
2017-08-18,#HighSchoolScience,1
2017-08-18,#ScienceFairWinner,1
2017-08-22,#Exploration,1
2017-08-22,#JapaneseTraditions,1
2017-08-25,#MissedChances,1
2017-08-25,#Regret,1
2017-08-28,#Despair,1
2017-08-28,#UnraveledHope,1
2017-09-10,#Captivation,1
2017-09-10,#Desolation,1
2017-09-10,#JayZAnthem,1
2017-09-10,#Pride,1
2017-09-10,#ScatteredHope,1
2017-09-10,#TennisRivalry,1
2017-09-18,#IndieFilmSuccess,1
2017-09-18,#Pride,1
2017-09-25,#Arousal,1
2017-09-25,#FestivalExcitement,1
2017-10-20,#InnerJourney,1
2017-10-20,#LakeTranquility,1
2017-10-20,#MeditationBliss,1
2017-10-20,#Mindfulness,1
2017-10-30,#Arousal,1
2017-10-30,#Excitement,1
2017-11-01,#HistoricalSite,1
2017-11-01,#Reverence,1
2017-11-05,#AncientCivilizations,1
2017-11-05,#Awe,1
2017-11-05,#Creativity,1
2017-11-05,#StreetArtVibes,1
2017-11-08,#Calmness,1
2017-11-08,#RainyDays,1
2017-11-15,#NightSkyTriumph,1
2017-11-15,#Success,1
2017-12-01,#Loneliness,1
2017-12-01,#StarlessSky,1
2017-12-08,#BusinessVenture,1
2017-12-08,#Hope,1
2017-12-22,#Gratitude,1
2017-12-22,#ThankfulMelody,1
2017-12-28,#FamilyLaughter,2
2017-12-28,#Gratitude,2
2018-02-05,#MemoryLane,1
2018-02-05,#Nostalgia,1
2018-02-10,#InspirationIgnited,1
2018-02-10,#Spark,1
2018-03-10,#Arousal,1
2018-03-10,#TravelAdventure,1
2018-03-15,#Captivation,1
2018-03-15,#GladiatorTales,1
2018-03-17,#BloomingAchievements,1
2018-03-17,#Jealous,1
2018-04-03,#Empathetic,1
2018-04-03,#TapestryOfUnderstanding,1
2018-04-12,#Happiness,1
2018-04-12,#SpiritLifter,1
2018-04-15,#Enthusiasm,1
2018-04-15,#HomeImprovement,1
2018-05-10,#Dismissive,1
2018-05-10,#ImpenetrableWalls,1
2018-05-12,#ParisianDreams,1
2018-05-12,#Reflection,1
2018-05-12,#Serenity,1
2018-05-12,#TranquilGarden,1
2018-05-22,#Bitterness,1
2018-05-22,#Resentment,1
2018-05-22,#Sorrow,1
2018-05-22,#SymphonyOfLoss,1
2018-05-28,#Grandeur,1
2018-05-28,#IcyMasterpiece,1
2018-06-03,#Insecurity,1
2018-06-03,#Jealousy,1
2018-06-10,#Desolation,1
2018-06-10,#ShatteredHopes,1
2018-06-12,#BallroomDance,1
2018-06-12,#Dazzle,1
2018-06-12,#Elegance,1
2018-06-12,#MasqueradeElegance,1
2018-06-15,#Enthusiasm,1
2018-06-15,#Mesmerizing,1
2018-06-15,#NewProject,1
2018-06-15,#NightDancePerformance,1
2018-06-22,#HighSchoolFriendship,1
2018-06-22,#SurpriseCelebration,1
2018-07-08,#StargazingAdventure,2
2018-07-08,#Wonder,2
2018-07-10,#Frustration,1
2018-07-10,#JournalMoments,1
2018-07-10,#Nostalgia,1
2018-07-10,#TennisSetback,1
2018-07-12,#CarefreeSpirit,1
2018-07-12,#Zest,1
2018-07-15,#Joy,1
2018-07-15,#WorldCupTriumph,1
2018-08-05,#Enthusiasm,1
2018-08-05,#Jealousy,1
2018-08-05,#JustinBieber,1
2018-08-05,#Resentment,1
2018-08-07,#Enthusiasm,1
2018-08-07,#SkillBuilding,1
2018-08-10,#DiaryJourney,1
2018-08-10,#Nostalgia,1
2018-08-18,#ArchitecturalGrandeur,2
2018-08-18,#Awe,2
2018-08-18,#Dismissive,2
2018-08-18,#IndifferencePerformance,2
2018-08-22,#CarnivalEscapade,3
2018-08-22,#Playful,3
2018-08-28,#CamaraderieBlooms,1
2018-08-28,#Friendship,1
2018-09-05,#Anxiety,1
2018-09-05,#Empowerment,1
2018-09-05,#HikingAdventure,1
2018-09-05,#Restlessness,1
2018-09-10,#Betrayal,1
2018-09-10,#ShatteredTrust,1
2018-09-15,#Creativity,1
2018-09-15,#Enthusiasm,1
2018-09-22,#Curiosity,1
2018-09-22,#Elation,1
2018-09-22,#RareBookDiscovery,1
2018-09-22,#TreasuresOfDiscovery,1
2018-10-12,#Excitement,1
2018-10-12,#MoviePremiereThrills,1
2018-11-05,#BirthdaySurprise,1
2018-11-05,#Euphoria,1
2018-11-07,#Desire,1
2018-11-07,#Envy,1
2018-11-28,#Grief,1
2018-11-28,#MelancholicMelody,1
2018-12-02,#Nostalgia,1
2018-12-02,#QueenTribute,1
2018-12-05,#Gratitude,1
2018-12-05,#Grief,1
2018-12-05,#LifeLessons,1
2018-12-05,#LostJoyFootsteps,1
2018-12-10,#GNRConcert,1
2018-12-10,#Iconic,1
2018-12-15,#Despair,1
2018-12-15,#HauntedPast,1
2018-12-15,#OwnGoal,1
2018-12-15,#PastChoices,1
2018-12-15,#Regret,2
2019-01-10,#Adventure,1
2019-01-10,#SnowPeakDance,1
2019-01-15,#CommunityKindness,1
2019-01-15,#Compassion,1
2019-02-11,#Disgust,1
2019-02-11,#Injustice,1
2019-02-12,#BasketballStruggles,1
2019-02-12,#RenewedEffort,1
2019-02-25,#Melancholy,1
2019-02-25,#WistfulYearning,1
2019-03-02,#Adventure,1
2019-03-02,#CulinaryJourney,1
2019-03-02,#CulinaryOdyssey,1
2019-03-02,#FlavorsAroundTheWorld,1
2019-03-08,#Bitterness,1
2019-03-08,#PersonalGrowth,1
2019-03-08,#Reflection,1
2019-03-08,#ResentmentWeb,1
2019-03-22,#MarketStories,1
2019-03-22,#Vibrancy,1
2019-03-25,#Melancholy,1
2019-03-25,#WistfulHeart,1
2019-03-28,#Fulfillment,1
2019-03-28,#Milestone,1
2019-03-28,#Thrill,1
2019-03-28,#WildHeartRide,1
2019-04-05,#AbstractArt,1
2019-04-05,#CommunityGiving,1
2019-04-05,#HighSchoolPhilanthropy,1
2019-04-05,#Intrigue,1
2019-04-05,#Melodic,1
2019-04-05,#StreetMusic,1
2019-04-15,#Anxiety,1
2019-04-15,#Worry,1
2019-04-18,#CalmAfterStorm,1
2019-04-18,#Heartbreak,1
2019-04-18,#HistoricalTour,1
2019-04-18,#Romance,1
2019-04-18,#TimelessCity,1
2019-04-18,#WhispersOfThePast,1
2019-04-27,#Contentment,2
2019-04-27,#TranquilWaters,2
2019-04-30,#Desperation,1
2019-04-30,#GlimmerOfHope,1
2019-05-05,#Kindness,1
2019-05-05,#LoveStitches,1
2019-05-08,#Helplessness,1
2019-05-08,#Struggling,1
2019-05-15,#CherishedMemories,1
2019-05-15,#Nostalgia,1
2019-06-10,#Charm,1
2019-06-10,#SinatraTribute,1
2019-06-15,#Elation,1
2019-06-15,#FitnessMilestone,1
2019-06-18,#Melancholy,1
2019-06-18,#SunsetMoments,1
2019-06-25,#ClassicFilmMoments,1
2019-06-25,#CricketChampionship,1
2019-06-25,#Excitement,1
2019-06-25,#Nostalgia,1
2019-06-28,#FitnessGoals,1
2019-06-28,#Fulfillment,1
2019-06-28,#Nostalgia,1
2019-06-28,#OldMemories,1
2019-07-02,#EndlessSmiles,1
2019-07-02,#Joy,1
2019-07-12,#Loneliness,1
2019-07-12,#SeekingConnection,1
2019-07-28,#BeyonceConcert,1
2019-07-28,#Energy,1
2019-08-05,#Heartbreak,1
2019-08-05,#LostLove,1
2019-08-20,#Admiration,1
2019-08-20,#HandcraftedArt,1
2019-08-28,#CulinaryAdventure,1
2019-08-28,#StreetFoodDelights,1
2019-08-30,#GreenEyedMonster,1
2019-08-30,#Jealous,1
2019-09-10,#ForgottenLove,1
2019-09-10,#Loss,1
2019-09-12,#Loneliness,1
2019-09-12,#YearningForConnection,1
2019-09-14,#Ambivalence,1
2019-09-14,#AutumnWaltz,1
2019-09-19,#Loneliness,2
2019-09-19,#SolitaryNocturne,2
2019-09-28,#Adventure,1
2019-09-28,#CaptivatingNovel,1
2019-09-28,#Immersion,1
2019-09-28,#RoadTripMemories,1
2019-10-08,#CrushedHopes,1
2019-10-08,#Disappointment,1
2019-10-15,#Bitterness,1
2019-10-15,#IciclesOfResentment,1
2019-10-18,#HiddenGem,1
2019-10-18,#Numbness,1
2019-10-18,#StoicResilience,1
2019-10-18,#Surprise,1
2019-10-22,#Bitterness,1
2019-10-22,#StainedTrust,1
2019-10-25,#CreativePhoenix,1
2019-10-25,#Inspired,1
2019-10-28,#Enthusiasm,1
2019-10-28,#HopefulJourney,1
2019-10-28,#ParadiseWhispers,1
2019-10-28,#Serenity,1
2019-11-02,#Disappointment,1
2019-11-02,#SoccerDefeats,1
2019-11-03,#Determination,1
2019-11-03,#DreamsIntoReality,1
2019-11-05,#Contemplation,1
2019-11-05,#DeepMeanings,1
2019-11-08,#FadingPossibilities,1
2019-11-08,#Regret,1
2019-11-10,#Excitement,1
2019-11-10,#SymphonyOfSpeed,1
2019-11-11,#History,1
2019-11-11,#Reverence,1
2019-11-18,#Isolation,1
2019-11-18,#JugglingResponsibilities,2
2019-11-18,#Loneliness,1
2019-11-18,#Playful,2
2019-11-24,#Formula1Championship,1
2019-11-24,#Thrill,1
2019-11-28,#AdeleMelodies,1
2019-11-28,#Emotion,1
2019-11-28,#Fulfillment,1
2019-11-28,#PuzzleChallenge,1
2019-11-30,#Harmony,2
2019-11-30,#MusicalUnity,2
2019-12-03,#Determination,1
2019-12-03,#ExtraordinaryPath,1
2019-12-10,#BranchesOfAchievement,1
2019-12-10,#Proud,1
2019-12-12,#HeartOfDiscontent,1
2019-12-12,#Jealous,1
2019-12-28,#Numbness,1
2019-12-28,#StoicFacade,1
2020-01-05,#BittersweetMemories,1
2020-01-05,#Melancholy,1
2020-01-05,#Proud,3
2020-01-05,#ScalingPeaks,3
2020-01-12,#Coziness,2
2020-01-12,#WarmWinterEvening,2
2020-02-10,#Happiness,1
2020-02-10,#SunnyDay,1
2020-02-22,#MinotaurOfPressure,1
2020-02-22,#Overwhelmed,1
2020-02-28,#NatureWhispers,1
2020-02-28,#Serenity,1
2020-02-29,#CulturalCelebration,1
2020-02-29,#HighSchoolUnity,1
2020-03-01,#Melancholy,1
2020-03-01,#WhispersInTheBreeze,1
2020-03-05,#BobMarleyTribute,1
2020-03-05,#Journey,1
2020-03-15,#Bittersweet,1
2020-03-15,#Farewell,1
2020-04-02,#Confidence,1
2020-04-02,#Confusion,1
2020-04-02,#Elation,1
2020-04-02,#EmotionalWinter,1
2020-04-02,#Isolation,1
2020-04-02,#LifePuzzle,1
2020-04-02,#OldFriends,1
2020-04-02,#OvercomingAnxiety,1
2020-04-05,#BitterAftertaste,1
2020-04-05,#Bitterness,1
2020-04-12,#OceanRetreat,1
2020-04-12,#RaindropMelody,1
2020-04-12,#Serenity,2
2020-04-15,#Accomplishment,1
2020-04-15,#SunriseHues,1
2020-04-18,#HuesOfSunset,1
2020-04-18,#Yearning,1
2020-05-11,#NatureExploration,1
2020-05-11,#Reverence,1
2020-05-12,#MoonlitPeace,1
2020-05-12,#Serenity,1
2020-05-15,#FloralJoy,1
2020-05-15,#NaturesBeauty,1
2020-05-20,#Breakthrough,1
2020-05-20,#ScientificDiscovery,1
2020-05-28,#BrilliantTrails,1
2020-05-28,#Inspiration,1
2020-06-05,#Confusion,1
2020-06-05,#LabyrinthOfThoughts,1
2020-06-10,#Accomplishment,1
2020-06-10,#ColorfulSunset,1
2020-06-10,#FreeSpirit,2
2020-06-10,#HappinessMilestone,1
2020-06-10,#Inspiration,1
2020-06-10,#WingsOfDreams,2
2020-06-15,#Awe,1
2020-06-15,#EarthsGrandeur,1
2020-06-20,#Helplessness,1
2020-06-20,#Overwhelmed,1
2020-06-22,#Colorful,1
2020-06-22,#KatyPerry,1
2020-07-08,#DanceInTheRain,1
2020-07-08,#Engagement,1
2020-07-08,#Playful,1
2020-07-08,#WebSeriesJourney,1
2020-07-18,#Resilience,1
2020-07-18,#TightropeWalk,1
2020-07-25,#Adrenaline,1
2020-07-25,#RollercoasterAdventure,1
2020-07-25,#RollercoasterThrills,1
2020-07-25,#Thrill,1
2020-08-05,#Confusion,1
2020-08-05,#PerplexedMind,1
2020-08-08,#Inspiration,1
2020-08-08,#OlympicAchievement,1
2020-08-12,#Envy,1
2020-08-12,#Jealousy,1
2020-08-15,#Desolation,1
2020-08-15,#UntoldSorrows,1
2020-08-18,#EdSheeranConcert,1
2020-08-18,#Serenity,1
2020-08-20,#DarkDays,1
2020-08-20,#Despair,1
2020-08-29,#Inspired,2
2020-08-29,#TalesToTheStars,2
2020-09-03,#Frustrated,1
2020-09-03,#SlippingThreads,1
2020-09-05,#Contentment,1
2020-09-05,#GoldenGlow,1
2020-09-10,#FulfillingEnding,1
2020-09-10,#Satisfaction,1
2020-09-15,#AutumnLeaves,1
2020-09-15,#CulturalCelebration,1
2020-09-15,#Sorrow,1
2020-09-15,#Thrill,1
2020-09-17,#ArtisticProject,1
2020-09-17,#Enthusiasm,1
2020-09-18,#AchieveTheImpossible,1
2020-09-18,#BoxingDefeat,1
2020-09-18,#Determination,1
2020-09-18,#Reflection,1
2020-11-01,#Frustrated,1
2020-11-01,#LabyrinthOfMiscommunication,1
2020-11-02,#DistantWarmth,1
2020-11-02,#Yearning,1
2020-11-11,#ArtAppreciation,1
2020-11-11,#Reverence,1
2020-11-15,#HighSchoolPositivity,1
2020-11-15,#VirtualEntertainment,1
2020-11-18,#Friendship,1
2020-11-18,#JoyfulReunion,1
2020-11-20,#Serenity,1
2020-11-20,#TranquilSunset,1
2020-11-28,#Grief,1
2020-11-28,#LostFriendship,1
2020-11-29,#Curiosity,1
2020-11-29,#LabyrinthOfQuestions,1
2020-12-02,#Excitement,1
2020-12-02,#SnowfallMagic,1
2020-12-12,#Heartwarming,1
2020-12-12,#HockeyFinalsComeback,1
2020-12-15,#ChildrensPlaydate,1
2020-12-15,#FestiveJoy,1
2020-12-15,#PlayfulJoy,1
2020-12-15,#SummerCarnival,1
2020-12-17,#Frustrated,1
2020-12-17,#UnsolvablePuzzle,1
2021-01-05,#Betrayal,1
2021-01-05,#ClosingWalls,1
2021-01-15,#Confident,2
2021-01-15,#DanceOfLife,2
2021-01-15,#DesireForKeys,1
2021-01-15,#Envious,1
2021-01-15,#FamilyDramaMoments,1
2021-01-15,#Touched,1
2021-02-05,#Elation,1
2021-02-05,#FriendshipReunion,1
2021-02-10,#BitterPill,1
2021-02-10,#Envious,1
2021-02-12,#HeavyHeart,1
2021-02-12,#Loneliness,1
2021-02-25,#EmotionalStorm,1
2021-02-25,#Grief,1
2021-02-28,#CoastalAdventure,1
2021-02-28,#DreamChaser,1
2021-02-28,#Envious,1
2021-02-28,#Freedom,1
2021-02-28,#GildedPrize,1
2021-02-28,#SkyHighDreams,1
2021-03-02,#Betrayal,1
2021-03-02,#Elation,1
2021-03-02,#PersonalAchievement,1
2021-03-02,#PoisonedTrust,1
2021-03-10,#Despair,1
2021-03-10,#Struggle,1
2021-03-15,#Desolation,1
2021-03-15,#WhisperedLoss,1
2021-04-02,#Joy,1
2021-04-02,#SpringtimeColors,1
2021-04-05,#GymnasticsFall,1
2021-04-05,#Sympathy,1
2021-04-15,#Creativity,1
2021-04-15,#LadyGaga,1
2021-04-15,#Resilience,1
2021-04-15,#StandingTall,1
2021-04-18,#Excitement,1
2021-04-18,#IgnitedSoul,1
2021-05-02,#Confusion,1
2021-05-02,#ThoughtLabyrinth,1
2021-05-08,#MoonlitSerenade,1
2021-05-08,#Serenity,1
2021-05-10,#Enchantment,1
2021-05-10,#TaylorSwift,1
2021-05-15,#Confusion,1
2021-05-15,#ThoughtLabyrinth,1
2021-05-20,#Overwhelmed,1
2021-05-20,#SupportiveCommunity,1
2021-06-10,#Apprehensive,1
2021-06-10,#NatureOrchestra,1
2021-06-10,#StormOfDoubt,1
2021-06-10,#Wonder,1
2021-06-19,#Euphoria,1
2021-06-19,#LiveMusic,1
2021-06-25,#BouldersOfExhaustion,1
2021-06-25,#Overwhelmed,1
2021-07-01,#Compassionate,3
2021-07-01,#TearsOfEmpathy,3
2021-07-03,#NatureRetreat,1
2021-07-03,#Serenity,1
2021-07-05,#BrightFuture,1
2021-07-05,#Optimism,1
2021-07-10,#SunsetBeauty,1
2021-07-10,#Tranquility,1
2021-07-20,#Acceptance,1
2021-07-20,#BeautifulChaos,1
2021-07-20,#OceansFreedom,1
2021-07-20,#SurfingThrills,1
2021-08-02,#BoundlessLaughter,1
2021-08-02,#Happiness,1
2021-08-10,#EmotionalShield,1
2021-08-10,#Euphoria,1
2021-08-10,#Numbness,1
2021-08-10,#Victory,1
2021-08-15,#FreeSpirit,1
2021-08-15,#PaintingTheSky,1
2021-08-20,#Acceptance,1
2021-08-20,#Joy,1
2021-08-20,#SelfLoveJourney,1
2021-08-20,#SimpleMoments,1
2021-09-05,#CrushedSpirit,1
2021-09-05,#Exhaustion,1
2021-09-10,#Blessed,1
2021-09-10,#Determination,1
2021-09-10,#SupportiveCommunity,1
2021-09-10,#UnparalleledHeights,1
2021-09-15,#Despair,1
2021-09-15,#EchoingSilence,1
2021-09-20,#Rejuvenation,2
2021-09-20,#SeasideEscape,2
2021-10-02,#Boredom,1
2021-10-02,#Stagnation,1
2021-10-08,#Imagination,1
2021-10-08,#LiteraryEscape,1
2021-10-10,#Determination,1
2021-10-10,#SculptingDreams,1
2021-10-22,#FacingFear,1
2021-10-22,#Intimidation,1
2021-11-07,#Admiration,1
2021-11-07,#MarathonRecords,1
2021-11-29,#DrowningSoul,1
2021-11-29,#Overwhelmed,1
2021-11-30,#EmotionalStorms,2
2021-11-30,#Numbness,2
2021-12-01,#EmotionalShield,1
2021-12-01,#Numbness,1
2021-12-03,#Fear,1
2021-12-03,#Intimidation,1
2021-12-08,#CloudsOfCreativity,2
2021-12-08,#Inspired,2
2021-12-08,#Overjoyed,1
2021-12-08,#WinterWarmth,1
2022-01-05,#Ambivalence,1
2022-01-05,#ConflictingFeelings,1
2022-01-07,#Frustrated,2
2022-01-07,#MosaicOfDisappointment,2
2022-01-08,#Challenge,1
2022-01-08,#Ruins,1
2022-01-08,#ShatteredDreams,1
2022-01-08,#WeightliftingFailure,1
2022-01-15,#Ambivalence,1
2022-01-15,#BrokenTrust,1
2022-01-15,#Celebration,1
2022-01-15,#ConflictingEmotions,1
2022-01-15,#MJTribute,1
2022-01-15,#Resentment,1
2022-01-28,#Betrayal,1
2022-01-28,#ShatteredVows,1
2022-02-12,#Meditation,1
2022-02-12,#Serenity,1
2022-02-15,#Confident,1
2022-02-15,#Contentment,1
2022-02-15,#FootprintsOfAssuredness,1
2022-02-15,#InnerPeace,1
2022-02-28,#Despair,1
2022-02-28,#FitnessGoals,1
2022-02-28,#Hypnotic,1
2022-02-28,#LabyrinthOfHopelessness,1
2022-02-28,#Motivation,1
2022-02-28,#ShakiraRhythms,1
2022-03-12,#Grateful,1
2022-03-12,#GuidingStar,1
2022-03-15,#CafeReflection,1
2022-03-15,#Solace,1
2022-03-20,#HeartacheSymphony,1
2022-03-20,#Suffering,1
2022-04-01,#GoldenHues,2
2022-04-01,#Grateful,2
2022-04-03,#Awe,1
2022-04-03,#BreathtakingSunrise,1
2022-04-03,#Euphoria,1
2022-04-03,#ProductLaunchSuccess,1
2022-04-05,#EmotionalOutburst,1
2022-04-05,#Frustration,1
2022-04-15,#Curiosity,1
2022-04-15,#NewHorizons,1
2022-04-18,#CanvasOfDreams,1
2022-04-18,#Hopeful,1
2022-04-18,#PathOfRemorse,1
2022-04-18,#Regret,1
2022-04-20,#HiddenGemDiscovery,1
2022-04-20,#Inspiration,1
2022-05-05,#Radiance,2
2022-05-05,#SpringBlooms,2
2022-05-08,#Curiosity,1
2022-05-08,#SeekerOfKnowledge,1
2022-05-12,#Fearful,1
2022-05-12,#ImaginedHorrors,1
2022-05-20,#Devastated,1
2022-05-20,#Isolation,1
2022-05-20,#ShatteredTrust,1
2022-05-20,#SilentSolitude,1
2022-05-30,#Ambivalence,1
2022-05-30,#UncertainChoices,1
2022-06-08,#Euphoria,2
2022-06-08,#PerfectPuzzle,1
2022-06-08,#PuzzleCompletion,1
2022-06-20,#BasketballFinals,1
2022-06-20,#Compassionate,1
2022-06-20,#ShowerOfEmpathy,1
2022-06-20,#Triumph,1
2022-06-30,#Accomplishment,1
2022-06-30,#FitnessSuccess,1
2022-07-05,#Grief,1
2022-07-05,#Loss,1
2022-07-08,#Ambivalence,1
2022-07-08,#ShadesOfUncertainty,1
2022-07-10,#Heartache,1
2022-07-10,#LoveSongLonging,1
2022-07-17,#Hopeful,3
2022-07-17,#SeedsOfOptimism,3
2022-07-20,#Excitement,1
2022-07-20,#UrbanEnergy,1
2022-07-25,#AdventureAwaits,1
2022-07-25,#Anticipation,1
2022-08-03,#Devastated,1
2022-08-03,#WindsOfBrokenPromises,1
2022-08-05,#Ambivalence,1
2022-08-05,#CrossroadsConfusion,1
2022-08-10,#CosmicFireflies,1
2022-08-10,#Enchantment,2
2022-08-10,#FireflyField,1
2022-08-18,#AbyssOfHeartache,1
2022-08-18,#Despair,1
2022-09-15,#AdeleConcert,1
2022-09-15,#Emotion,1
2022-09-28,#ChildhoodFantasies,1
2022-09-28,#Enchantment,1
2022-10-08,#Curiosity,1
2022-10-08,#KnowledgeQuest,1
2022-10-22,#Amusement,1
2022-10-22,#PlayfulKittens,1
2022-10-28,#Devastated,1
2022-10-28,#EchoesOfShatteredDreams,1
2022-10-30,#Hopeful,2
2022-10-30,#SailorOfDreams,2
2022-11-15,#Love,1
2022-11-15,#RhythmOfAffection,1
2022-11-28,#DigitalOverload,1
2022-11-28,#Indifference,1
2022-12-01,#Curiosity,1
2022-12-01,#FearlessExplorer,1
2022-12-01,#SnowyLandscapes,1
2022-12-01,#WinterMagic,1
2023-01-07,#Fearful,1
2023-01-07,#LurkingMonsters,1
2023-01-10,#Acceptance,1
2023-01-10,#Excitement,1
2023-01-10,#LifeJourney,1
2023-01-10,#VacationCountdown,1
2023-01-15,#Adventure,1
2023-01-15,#Contentment,1
2023-01-15,#Cooking,1
2023-01-15,#FamilyLaughter,1
2023-01-15,#Fitness,1
2023-01-15,#Food,1
2023-01-15,#Morning,1
2023-01-15,#Nature,1
2023-01-15,#Park,1
2023-01-15,#Traffic,1
2023-01-15,#Travel,1
2023-01-15,#Workout,1
2023-01-16,#Cozy,1
2023-01-16,#Gratitude,1
2023-01-16,#MovieNight,1
2023-01-16,#MustWatch,1
2023-01-16,#PositiveVibes,1
2023-01-16,#RainyDays,1
2023-01-17,#BeachDays,1
2023-01-17,#Blogging,1
2023-01-17,#Debate,1
2023-01-17,#NewPost,1
2023-01-17,#Politics,1
2023-01-17,#Summer,1
2023-01-18,#CityExplore,1
2023-01-18,#FitnessGoals,1
2023-01-18,#Health,1
2023-01-18,#HiddenGems,1
2023-01-18,#NewYear,1
2023-01-18,#SickDay,1
2023-01-19,#FurryFriend,1
2023-01-19,#Future,1
2023-01-19,#Innovation,1
2023-01-19,#PetAdoption,1
2023-01-19,#Reflection,1
2023-01-19,#Tech,1
2023-01-20,#AI,1
2023-01-20,#Gaming,1
2023-01-20,#LateNight,1
2023-01-20,#Mood,1
2023-01-20,#TechConference,1
2023-01-20,#WinterBlues,1
2023-01-21,#CoffeeTime,1
2023-01-21,#Productivity,1
2023-01-21,#Reading,1
2023-01-21,#VR,1
2023-01-21,#VirtualReality,1
2023-01-21,#WorkFromHome,1
2023-01-22,#ArianaGrande,1
2023-01-22,#Brunch,1
2023-01-22,#Career,1
2023-01-22,#ChallengeAccepted,1
2023-01-22,#Euphoria,1
2023-01-22,#Fitness,1
2023-01-22,#Friends,1
2023-01-22,#Milestone,1
2023-01-23,#LanguageLearning,1
2023-01-23,#PersonalGrowth,1
2023-01-23,#QuietTime,1
2023-01-23,#Reading,1
2023-01-24,#Art,1
2023-01-24,#MentalHealth,1
2023-01-24,#PaintingInProgress,1
2023-01-24,#RoadTrip,1
2023-01-24,#ScenicViews,1
2023-01-24,#SelfCare,1
2023-01-25,#Coding,1
2023-01-25,#Enthusiasm,1
2023-01-25,#Sunset,1
2023-01-25,#TeaTime,1
2023-01-26,#FamilyTime,1
2023-01-26,#Fun,1
2023-01-26,#Inspiration,1
2023-01-26,#Weekend,1
2023-01-26,#WinterSports,1
2023-01-26,#Workshop,1
2023-01-27,#ConcertNight,1
2023-01-27,#Cooking,1
2023-01-27,#Dessert,1
2023-01-27,#Meditation,1
2023-01-27,#Mindfulness,1
2023-01-27,#Music,1
2023-01-28,#Amazement,1
2023-01-28,#AncientTales,1
2023-01-28,#Birthday,1
2023-01-28,#Celebration,1
2023-01-28,#Gaming,1
2023-01-28,#Gardening,1
2023-01-28,#Grief,1
2023-01-28,#SilentTears,1
2023-01-28,#Spring,1
2023-01-28,#Tournament,1
2023-01-29,#Accomplished,1
2023-01-29,#CozyNight,1
2023-01-29,#MovieTime,1
2023-01-29,#Success,1
2023-01-30,#Art,1
2023-01-30,#BookRelease,1
2023-01-30,#FavoriteAuthor,1
2023-01-30,#GalleryExplore,1
2023-01-30,#VRMeetup,1
2023-01-30,#VirtualReality,1
2023-01-31,#Cooking,1
2023-01-31,#Nature,1
2023-01-31,#NewWeek,1
2023-01-31,#Optimism,1
2023-01-31,#Reflection,1
2023-01-31,#SpecialDinner,1
2023-02-01,#BikeRide,1
2023-02-01,#FitnessChallenge,1
2023-02-01,#NewBeginnings,1
2023-02-01,#ScenicTrails,1
2023-02-05,#Surprise,1
2023-02-05,#WonderfulMoment,1
2023-02-10,#DriftingThroughLife,1
2023-02-10,#Indifference,1
2023-02-10,#Loss,1
2023-02-10,#SilentSurrender,1
2023-02-11,#Angry,1
2023-02-11,#Fear,1
2023-02-11,#Injustice,1
2023-02-11,#ThrillerMovie,1
2023-02-12,#CoffeeJourney,1
2023-02-12,#CreativeInspiration,1
2023-02-12,#Disgust,1
2023-02-12,#Environment,1
2023-02-12,#NaturalDisaster,1
2023-02-12,#Sadness,1
2023-02-13,#Celebration,1
2023-02-13,#ComedyShow,1
2023-02-13,#Happiness,1
2023-02-13,#Joy,1
2023-02-14,#Amusement,1
2023-02-14,#BookTime,1
2023-02-14,#Enjoyment,1
2023-02-14,#FunTimes,1
2023-02-14,#Love,1
2023-02-14,#SpreadLove,1
2023-02-15,#Admiration,1
2023-02-15,#Affection,1
2023-02-15,#Awe,1
2023-02-15,#Breathtaking,1
2023-02-15,#Gratitude,1
2023-02-15,#Nature,1
2023-02-15,#PositiveVibes,1
2023-02-15,#WarmTea,1
2023-02-16,#Acceptance,1
2023-02-16,#BadService,1
2023-02-16,#Challenges,1
2023-02-16,#Disappointed,1
2023-02-16,#Gift,1
2023-02-16,#Surprise,1
2023-02-17,#Adoration,1
2023-02-17,#Adventure,1
2023-02-17,#Anticipation,1
2023-02-17,#BitterLesson,1
2023-02-17,#Growth,1
2023-02-17,#PetLove,1
2023-02-18,#Calmness,1
2023-02-18,#Confusion,1
2023-02-18,#DecisionMaking,1
2023-02-18,#Excitement,1
2023-02-18,#PeacefulMind,1
2023-02-18,#TravelPlans,1
2023-02-19,#Humanity,1
2023-02-19,#Injustice,1
2023-02-19,#Kindness,1
2023-02-19,#Milestone,1
2023-02-19,#Pride,1
2023-02-19,#Shame,1
2023-02-20,#Anger,1
2023-02-20,#Argument,1
2023-02-20,#Fear,1
2023-02-20,#Unknown,1
2023-02-21,#Corruption,1
2023-02-21,#Disgust,1
2023-02-21,#Farewell,1
2023-02-21,#Sadness,1
2023-02-22,#DriftingThroughLife,1
2023-02-22,#Happiness,1
2023-02-22,#Indifference,1
2023-02-22,#Joy,1
2023-02-22,#NewFamilyMember,1
2023-02-22,#StandUpComedy,1
2023-02-23,#Amusement,1
2023-02-23,#Enjoyment,1
2023-02-23,#Love,1
2023-02-23,#PetAntics,1
2023-02-23,#SpreadLove,1
2023-02-23,#Travel,1
2023-02-24,#Admiration,1
2023-02-24,#Affection,1
2023-02-24,#Awe,1
2023-02-24,#FamilyLove,1
2023-02-24,#StarryNight,1
2023-02-24,#Volunteers,1
2023-02-25,#Acceptance,1
2023-02-25,#Disappointed,1
2023-02-25,#LifeJourney,1
2023-02-25,#OldFriends,1
2023-02-25,#Project,1
2023-02-25,#Surprise,1
2023-02-26,#Adoration,1
2023-02-26,#Anticipation,1
2023-02-26,#BitterExperience,1
2023-02-26,#CustomerService,1
2023-02-26,#MovieRelease,1
2023-02-26,#PuppyLove,1
2023-02-27,#Calmness,1
2023-02-27,#Confusion,1
2023-02-27,#Excitement,1
2023-02-27,#InnerPeace,1
2023-02-27,#MakingSense,1
2023-02-27,#SurpriseParty,1
2023-02-28,#ActsOfKindness,1
2023-02-28,#BlossomingConnection,1
2023-02-28,#FitnessChallengeCompleted,1
2023-02-28,#Grateful,1
2023-02-28,#Injustice,1
2023-02-28,#Kindness,1
2023-02-28,#Pride,1
2023-02-28,#Shame,1
2023-02-28,#Tranquility,1
2023-02-28,#ZenWisdom,1
2023-03-01,#Acceptance,1
2023-03-01,#Bitter,1
2023-03-01,#BookTime,1
2023-03-01,#Diversity,1
2023-03-01,#Excitement,1
2023-03-01,#Unfairness,1
2023-03-02,#Calmness,1
2023-03-02,#Confusion,1
2023-03-02,#Excitement,1
2023-03-02,#LifeChoices,1
2023-03-02,#Mindfulness,1
2023-03-02,#WeekendAdventure,1
2023-03-03,#Accomplishments,1
2023-03-03,#HumanityRestored,1
2023-03-03,#Integrity,1
2023-03-03,#Kindness,1
2023-03-03,#Pride,1
2023-03-03,#Shame,1
2023-03-05,#Excitement,1
2023-03-05,#SurpriseCelebration,1
2023-03-10,#CherishedMoment,1
2023-03-10,#Indifference,1
2023-03-10,#Joy,1
2023-03-10,#SilentObserver,1
2023-03-20,#Ecstasy,1
2023-03-20,#MetallicaConcert,1
2023-03-22,#FloatingThroughLife,1
2023-03-22,#Indifference,1
2023-03-30,#FieldsOfEnthusiasm,1
2023-03-30,#Zest,1
2023-04-08,#Apprehensive,1
2023-04-08,#BalancingAct,1
2023-04-10,#HomemadeDelights,1
2023-04-10,#JoyInBaking,1
2023-04-15,#Curiosity,1
2023-04-15,#Learning,1
2023-04-18,#AncientCivilization,1
2023-04-18,#ForgottenEra,1
2023-04-18,#Pensive,1
2023-04-18,#Reflection,1
2023-05-06,#BrighterTomorrows,2
2023-05-06,#Hopeful,2
2023-05-15,#Acceptance,1
2023-05-15,#ImperfectJourney,1
2023-05-20,#AvoidingEyeContact,1
2023-05-20,#CrushStruggles,1
2023-05-21,#SnackCrisis,1
2023-05-21,#TeenLife,1
2023-05-22,#SelfieStruggle,1
2023-05-22,#TeenConfessions,1
2023-05-23,#LostHeadphones,1
2023-05-23,#TeenProblems,1
2023-05-24,#StudyingMemes,1
2023-05-24,#TeenLife,1
2023-05-25,#TeenFashion,1
2023-05-25,#WeekendOops,1
2023-05-26,#ProjectMiracle,1
2023-05-26,#TeenSuccess,1
2023-05-27,#CookingFail,1
2023-05-27,#TeenChef,1
2023-05-28,#ClassEvent,1
2023-05-28,#TeenExcitement,1
2023-05-29,#BookDiscoveries,1
2023-05-29,#TeenReading,1
2023-05-30,#GameOn,1
2023-05-30,#TeenGamer,1
2023-05-31,#BingeWatchDay,1
2023-05-31,#TeenLife,1
2023-06-01,#FashionGoals,1
2023-06-01,#TeenStyle,1
2023-06-02,#InstrumentLearning,1
2023-06-02,#TeenMusic,1
2023-06-03,#MusicTherapy,1
2023-06-03,#TeenPlaylist,1
2023-06-04,#CookingSuccess,1
2023-06-04,#TeenCook,1
2023-06-05,#GetawayGoals,1
2023-06-05,#TeenTravel,1
2023-06-06,#MusicMagic,1
2023-06-06,#TeenConcert,1
2023-06-07,#ChildhoodMemories,1
2023-06-07,#TeenCartoons,1
2023-06-08,#DIYGoals,1
2023-06-08,#TeenCreative,1
2023-06-09,#CulturalDay,1
2023-06-09,#TeenCuriosity,1
2023-06-10,#BloggingJourney,1
2023-06-10,#TeenThoughts,1
2023-06-11,#BookishEscape,1
2023-06-11,#QuietMoments,1
2023-06-12,#AgingGracefully,1
2023-06-12,#Memories,1
2023-06-13,#ArtDiscovery,1
2023-06-13,#SeniorArtist,1
2023-06-14,#HappinessInFood,1
2023-06-14,#SeniorLife,1
2023-06-15,#Acceptance,1
2023-06-15,#MindEnrichment,1
2023-06-15,#SeniorLearning,1
2023-06-15,#UnpredictableArt,1
2023-06-16,#MusicLover,1
2023-06-16,#SeniorConcert,1
2023-06-17,#NatureCapture,1
2023-06-17,#SeniorMoments,1
2023-06-18,#FriendshipGoals,1
2023-06-18,#SeniorBonding,1
2023-06-19,#CherishedPlaces,1
2023-06-19,#SeniorTravel,1
2023-06-20,#MusicHarmony,1
2023-06-20,#SeniorVoices,1
2023-06-21,#MindfulLiving,1
2023-06-21,#SeniorCalm,1
2023-06-22,#NatureWonders,1
2023-06-22,#SeniorGarden,1
2023-06-23,#LifeWellLived,1
2023-06-23,#SeniorWine,1
2023-06-24,#CreativityAtAnyAge,1
2023-06-24,#SeniorCreativity,1
2023-06-25,#LifetimeExperiences,1
2023-06-25,#SeniorMemoir,1
2023-06-26,#LifetimeAdventure,1
2023-06-26,#SeniorCuriosity,1
2023-06-27,#KitchenMemories,1
2023-06-27,#SeniorCulinary,1
2023-06-28,#OutdoorBeauty,1
2023-06-28,#SeniorClicks,1
2023-06-29,#SeniorJazz,1
2023-06-29,#TimelessTunes,1
2023-06-30,#SeniorReflections,1
2023-06-30,#SoulfulWriting,1
2023-07-01,#DiscoverNewPlaces,1
2023-07-01,#SeniorTravel,1
2023-07-02,#RoadTripDownMemoryLane,1
2023-07-02,#SeniorCars,1
2023-07-03,#GardenFriends,1
2023-07-03,#SeniorGreenThumb,1
2023-07-04,#HeartwarmingMoments,1
2023-07-04,#SeniorFamily,1
2023-07-05,#DanceLife,1
2023-07-05,#SeniorMoves,1
2023-07-06,#CreativeExpressions,1
2023-07-06,#SeniorArt,1
2023-07-07,#BookishTalks,1
2023-07-07,#SeniorBookworms,1
2023-07-08,#FriendshipSunshine,1
2023-07-08,#SeniorMemories,1
2023-07-09,#SeniorTheater,1
2023-07-09,#StagePassion,1
2023-07-10,#NatureTrailBlazer,1
2023-07-10,#SeniorExplorer,1
2023-07-11,#LifeInPictures,1
2023-07-11,#SeniorExhibition,1
2023-07-12,#OpenRoadAdventures,1
2023-07-12,#SeniorCycling,1
2023-07-13,#AgedToPerfection,1
2023-07-13,#SeniorCheers,1
2023-07-14,#Fearful,1
2023-07-14,#GracefulMoves,1
2023-07-14,#SeniorDance,1
2023-07-14,#SpecterOfTheUnknown,1
2023-07-15,#CommunityArt,1
2023-07-15,#SeniorCreativity,1
2023-07-16,#FriendshipAdventures,1
2023-07-16,#SeniorNostalgia,1
2023-07-17,#CelestialWonders,1
2023-07-17,#SeniorAstronomy,1
2023-07-18,#SeniorJazz,1
2023-07-18,#TimelessTunes,1
2023-07-19,#LifeLessons,1
2023-07-19,#SeniorBlog,1
2023-07-20,#RunForACause,1
2023-07-20,#SeniorSupport,1
2023-08-01,#HighSchoolAdventures,1
2023-08-01,#PhysicsSurvivor,1
2023-08-02,#CodingAdventure,1
2023-08-02,#HighSchoolCoderLife,1
2023-08-03,#DebateWarrior,1
2023-08-03,#HighSchoolDebater,1
2023-08-04,#HighSchoolPhotographer,1
2023-08-04,#PhotographyClub,1
2023-08-05,#HighSchoolFairytale,1
2023-08-05,#PromDreams,1
2023-08-06,#HighSchoolExplorer,1
2023-08-06,#OutdoorClassroom,1
2023-08-07,#ArtisticMishaps,1
2023-08-07,#HighSchoolArt,1
2023-08-08,#HighSchoolSkater,1
2023-08-08,#SkaterLife,1
2023-08-09,#HighSchoolMusic,1
2023-08-09,#KpopFangirl,1
2023-08-10,#ChemistryWizard,1
2023-08-10,#HighSchoolScientist,1
2023-08-11,#BirthdayParty,1
2023-08-11,#HighSchoolCelebration,1
2023-08-12,#DramaClubStar,1
2023-08-12,#HighSchoolActor,1
2023-08-13,#FantasyBookNerd,1
2023-08-13,#HighSchoolReader,1
2023-08-14,#DoodleMaster,1
2023-08-14,#HighSchoolArt,1
2023-08-15,#HandstandChallenge,1
2023-08-15,#HighSchoolAthlete,1
2023-08-16,#HighSchoolSnacks,1
2023-08-16,#SnackSmuggler,1
2023-08-17,#HighSchoolMemories,1
2023-08-17,#SleepoverFun,1
2023-08-18,#DanceFail,1
2023-08-18,#HighSchoolTikTok,1
2023-08-19,#HighSchoolAwkward,1
2023-08-19,#SocialMediaBlunder,1
2023-08-20,#CrushFail,1
2023-08-20,#HighSchoolEmbarrassment,1
2023-08-21,#HighSchoolArt,1
2023-08-21,#PaperPlaneExpert,1
2023-08-22,#HighSchoolSkills,1
2023-08-22,#TextbookJuggling,1
2023-08-23,#HighSchoolSnacks,1
2023-08-23,#SnackNinja,1
2023-08-24,#HighSchoolFun,1
2023-08-24,#SurpriseAdventure,1
2023-08-25,#HighSchoolJoy,1
2023-08-25,#RainDance,1
2023-08-26,#HighSchoolAwkward,1
2023-08-26,#TextingFail,1
2023-08-27,#HighSchoolMagic,1
2023-08-27,#MagicFail,1
2023-08-28,#HighSchoolArt,1
2023-08-28,#OrigamiMaster,1
2023-08-29,#HackySackChallenge,1
2023-08-29,#HighSchoolAthlete,1
2023-08-30,#FriendshipGoals,1
2023-08-30,#HighSchoolMemories,1
2023-08-31,#BurgerQuest,1
2023-08-31,#HighSchoolFoodie,1
2023-09-01,#HighSchoolTalent,1
2023-09-01,#StandUpComedy,1
2023-09-02,#HighSchoolAwkward,1
2023-09-02,#LoveLetterFail,1
2023-09-03,#Empathetic,2
2023-09-03,#HighSchoolExperiments,1
2023-09-03,#LanternOfCompassion,2
2023-09-03,#ScienceGeek,1
2023-09-04,#FriendshipBracelets,1
2023-09-04,#HighSchoolCrafts,1
2023-09-05,#CartwheelChallenge,1
2023-09-05,#HighSchoolAthlete,1
2023-09-06,#HighSchoolMemories,1
2023-09-06,#MovieNight,1
2023-09-07,#HairExperiment,1
2023-09-07,#HighSchoolStyle,1
2023-09-08,#HighSchoolNostalgia,1
2023-09-08,#TimeCapsule,1
2023-09-09,#FirstDayOops,1
2023-09-09,#HighSchoolEmbarrassment,1
2023-09-10,#HealthyLiving,1
2023-09-10,#HighSchoolWellness,1
2023-09-11,#HighSchoolStruggles,1
2023-09-11,#SchoolChallenges,1
2023-09-12,#HighSchoolReality,1
2023-09-12,#OnlineHate,1
2023-09-13,#BadDay,1
2023-09-13,#HighSchoolBlues,1
2023-09-14,#Disappointment,1
2023-09-14,#HighSchoolSports,1
2023-09-15,#CafeteriaDrama,1
2023-09-15,#HighSchoolTension,1
2023-09-16,#AcademicFrustration,1
2023-09-16,#HighSchoolStress,1
2023-09-17,#HighSchoolStruggles,1
2023-09-17,#LifeChallenges,1
2023-09-18,#HighSchoolEmotions,1
2023-09-18,#LonelyNights,1
2023-09-19,#HighSchoolReality,1
2023-09-19,#StopCyberbullying,1
2023-09-20,#BadLuck,1
2023-09-20,#HighSchoolWeather,1
2023-09-21,#HighSchoolRegret,1
2023-09-21,#MissedChances,1
2023-09-22,#HighSchoolDrama,1
2023-09-22,#RumorMills,1
2023-09-23,#BadLuckDay,1
2023-09-23,#HighSchoolStruggles,1
2023-09-24,#HighSchoolEmotions,1
2023-09-24,#SayingGoodbye,1
2023-09-25,#CollegeDreams,1
2023-09-25,#HighSchoolJourney,1
2023-09-26,#HighSchoolGamer,1
2023-09-26,#OnlineGaming,1
2023-09-27,#BadHairDay,1
2023-09-27,#HighSchoolConfidence,1
2023-09-28,#HighSchoolHardships,1
2023-09-28,#ProjectStruggles,1
2023-09-29,#HighSchoolCriticism,1
2023-09-29,#OnlineOpinions,1
2023-09-30,#HighSchoolTech,1
2023-09-30,#TechIssues,1
2023-10-01,#HighSchoolRegret,1
2023-10-01,#MissedMoments,1
2023-10-02,#HighSchoolExams,1
2023-10-02,#StudyStrategies,1
2023-10-03,#EnvironmentalEfforts,1
2023-10-03,#HighSchoolCommunity,1
2023-10-04,#BookClub,1
2023-10-04,#HighSchoolReads,1
2023-10-05,#BakingAdventures,1
2023-10-05,#HighSchoolBakes,1
2023-10-05,#Hopeful,1
2023-10-05,#SunriseOfPossibilities,1
2023-10-06,#HighSchoolProjects,1
2023-10-06,#Teamwork,1
2023-10-07,#HighSchoolInterests,1
2023-10-07,#SchoolClubs,1
2023-10-08,#CareerDevelopment,1
2023-10-08,#HighSchoolJobs,1
2023-10-09,#HighSchoolConnectivity,1
2023-10-09,#SchoolEvents,1
2023-10-10,#HighSchoolHobbies,1
2023-10-10,#PhotographyJourney,1
2023-10-11,#HighSchoolScience,1
2023-10-11,#ScienceFair,1
2023-10-12,#Challenges,1
2023-10-12,#Determination,1
2023-10-12,#EfficiencyGoals,1
2023-10-12,#HighSchoolSkills,1
2023-10-13,#CommunityService,1
2023-10-13,#HighSchoolVolunteer,1
2023-10-14,#HighSchoolProjects,1
2023-10-14,#TeamSpirit,1
2023-10-15,#DebateSkills,1
2023-10-15,#HighSchoolIntellect,1
2023-10-16,#HighSchoolCelebration,1
2023-10-16,#SurpriseParty,1
2023-10-17,#CodingTriumph,1
2023-10-17,#HighSchoolTech,1
2023-10-18,#HighSchoolEntertainment,1
2023-10-18,#TalentShow,1
2023-10-19,#HighSchoolFriends,1
2023-10-19,#NatureAdventures,1
2023-10-20,#HighSchoolAthletics,1
2023-10-20,#SportsTriumph,1
2023-10-21,#GlobalFriendship,1
2023-10-21,#HighSchoolCorrespondence,1
2023-10-22,#ArtCollaboration,1
2023-10-22,#HighSchoolCreativity,1
